{"cameraMode":{"drawMode":0,"name":"Shaded","section":"Shading Mode"},"sceneLighting":true,"audioPlay":false,"sceneViewState":{"showFog":true,"showMaterialUpdate":false,"showSkybox":true,"showFlares":true,"showImageEffects":true,"showParticleSystems":true},"in2DMode":false,"pivot":{"x":57.69559097290039,"y":57.38957595825195,"z":-20.708040237426759},"rotation":{"x":0.4430263638496399,"y":0.4524778425693512,"z":-0.27744853496551516,"w":0.7225052118301392},"size":2.8578855991363527,"orthographic":false}