{"cameraMode":{"drawMode":0,"name":"Shaded","section":"Shading Mode"},"sceneLighting":false,"audioPlay":false,"sceneViewState":{"showFog":true,"showMaterialUpdate":false,"showSkybox":true,"showFlares":true,"showImageEffects":true,"showParticleSystems":true},"in2DMode":false,"pivot":{"x":-0.2677997350692749,"y":0.1203145980834961,"z":0.18380379676818849},"rotation":{"x":0.23886238038539887,"y":0.1628907173871994,"z":-0.04068087786436081,"w":0.9564290046691895},"size":3.283458709716797,"orthographic":false}