{"cameraMode":{"drawMode":0,"name":"Shaded","section":"Shading Mode"},"sceneLighting":false,"audioPlay":false,"sceneViewState":{"showFog":true,"showMaterialUpdate":false,"showSkybox":true,"showFlares":true,"showImageEffects":true,"showParticleSystems":true},"in2DMode":false,"pivot":{"x":2.5899999141693117,"y":0.8799999952316284,"z":-32.189998626708987},"rotation":{"x":-0.11623860150575638,"y":-0.881934404373169,"z":0.29139336943626406,"w":-0.35180985927581789},"size":6.443456172943115,"orthographic":false}