{"cameraMode":{"drawMode":0,"name":"Shaded","section":"Shading Mode"},"sceneLighting":false,"audioPlay":false,"sceneViewState":{"showFog":true,"showMaterialUpdate":false,"showSkybox":true,"showFlares":true,"showImageEffects":true,"showParticleSystems":true},"in2DMode":false,"pivot":{"x":2.5399999618530275,"y":4.340000152587891,"z":-2.4700000286102297},"rotation":{"x":0.2690507769584656,"y":-0.582695484161377,"z":0.2127901315689087,"w":0.7367483377456665},"size":5.472431182861328,"orthographic":false}