{"cameraMode":{"drawMode":0,"name":"Shaded","section":"Shading Mode"},"sceneLighting":false,"audioPlay":false,"sceneViewState":{"showFog":true,"showMaterialUpdate":false,"showSkybox":true,"showFlares":true,"showImageEffects":true,"showParticleSystems":true},"in2DMode":false,"pivot":{"x":3.3909239768981935,"y":0.9260165691375732,"z":-4.563517093658447},"rotation":{"x":-0.14234845340251923,"y":0.707222044467926,"z":-0.14885485172271729,"w":-0.6763255596160889},"size":1.652113914489746,"orthographic":false}