{"cameraMode":{"drawMode":0,"name":"Shaded","section":"Shading Mode"},"sceneLighting":false,"audioPlay":false,"sceneViewState":{"showFog":true,"showMaterialUpdate":false,"showSkybox":true,"showFlares":true,"showImageEffects":true,"showParticleSystems":true},"in2DMode":false,"pivot":{"x":1.1104354858398438,"y":1.0029034614562989,"z":0.7391311526298523},"rotation":{"x":-0.23100151121616364,"y":0.35545414686203005,"z":-0.09112410247325897,"w":-0.9011033177375794},"size":3.700493097305298,"orthographic":false}