{"cameraMode":{"drawMode":0,"name":"Shaded","section":"Shading Mode"},"sceneLighting":false,"audioPlay":false,"sceneViewState":{"showFog":true,"showMaterialUpdate":false,"showSkybox":true,"showFlares":true,"showImageEffects":true,"showParticleSystems":true},"in2DMode":false,"pivot":{"x":-0.5173869132995606,"y":-0.11148321628570557,"z":0.12606191635131837},"rotation":{"x":0.27780699729919436,"y":0.11844442039728165,"z":-0.03453892841935158,"w":0.9526811242103577},"size":3.0939836502075197,"orthographic":false}