{"cameraMode":{"drawMode":0,"name":"Shaded","section":"Shading Mode"},"sceneLighting":false,"audioPlay":false,"sceneViewState":{"showFog":true,"showMaterialUpdate":false,"showSkybox":true,"showFlares":true,"showImageEffects":true,"showParticleSystems":true},"in2DMode":false,"pivot":{"x":-10.942766189575196,"y":-9.033242225646973,"z":2.723445415496826},"rotation":{"x":-0.2799389660358429,"y":0.5712676644325256,"z":-0.2158927470445633,"w":-0.7407278418540955},"size":20.85831069946289,"orthographic":false}