{"cameraMode":{"drawMode":0,"name":"Shaded","section":"Shading Mode"},"sceneLighting":false,"audioPlay":false,"sceneViewState":{"showFog":true,"showMaterialUpdate":false,"showSkybox":true,"showFlares":true,"showImageEffects":true,"showParticleSystems":true},"in2DMode":false,"pivot":{"x":-50.48780822753906,"y":35.416908264160159,"z":-8.601800918579102},"rotation":{"x":-0.11362164467573166,"y":-0.7767645716667175,"z":0.14664432406425477,"w":-0.6018490195274353},"size":2.8578836917877199,"orthographic":false}