{"cameraMode":{"drawMode":0,"name":"Shaded","section":"Shading Mode"},"sceneLighting":false,"audioPlay":false,"sceneViewState":{"showFog":true,"showMaterialUpdate":false,"showSkybox":true,"showFlares":true,"showImageEffects":true,"showParticleSystems":true},"in2DMode":false,"pivot":{"x":-1.071929931640625,"y":-1.3596065044403077,"z":-0.9219005107879639},"rotation":{"x":0.15406391024589539,"y":-0.842803418636322,"z":0.4020501673221588,"w":0.3229587972164154},"size":6.443456172943115,"orthographic":false}