{"cameraMode":{"drawMode":0,"name":"Shaded","section":"Shading Mode"},"sceneLighting":false,"audioPlay":false,"sceneViewState":{"showFog":true,"showMaterialUpdate":false,"showSkybox":true,"showFlares":true,"showImageEffects":true,"showParticleSystems":true},"in2DMode":false,"pivot":{"x":-195.5672607421875,"y":20.35323715209961,"z":113.37030029296875},"rotation":{"x":-0.11805512756109238,"y":-0.8738221526145935,"z":0.26377227902412417,"w":-0.3910524845123291},"size":15.64130973815918,"orthographic":false}