{"cameraMode":{"drawMode":0,"name":"Shaded","section":"Shading Mode"},"sceneLighting":true,"audioPlay":false,"sceneViewState":{"showFog":true,"showMaterialUpdate":false,"showSkybox":true,"showFlares":true,"showImageEffects":true,"showParticleSystems":true},"in2DMode":false,"pivot":{"x":3.319520950317383,"y":0.33237457275390627,"z":-9.627195358276368},"rotation":{"x":0.2872181534767151,"y":-0.6776374578475952,"z":0.3289233446121216,"w":0.5917116403579712},"size":32.701717376708987,"orthographic":false}