{"cameraMode":{"drawMode":0,"name":"Shaded","section":"Shading Mode"},"sceneLighting":true,"audioPlay":false,"sceneViewState":{"showFog":true,"showMaterialUpdate":false,"showSkybox":true,"showFlares":true,"showImageEffects":true,"showParticleSystems":true},"in2DMode":false,"pivot":{"x":77.38712310791016,"y":58.00944137573242,"z":-50.375282287597659},"rotation":{"x":0.49849990010261538,"y":0.19911520183086396,"z":-0.11882733553647995,"w":0.835303008556366},"size":3.757885694503784,"orthographic":false}