{"cameraMode":{"drawMode":0,"name":"Shaded","section":"Shading Mode"},"sceneLighting":false,"audioPlay":false,"sceneViewState":{"showFog":true,"showMaterialUpdate":false,"showSkybox":true,"showFlares":true,"showImageEffects":true,"showParticleSystems":true},"in2DMode":false,"pivot":{"x":2.679999828338623,"y":1.0399999618530274,"z":-5.739999771118164},"rotation":{"x":0.3217238783836365,"y":-0.5817865133285523,"z":0.26850828528404238,"w":0.6970807313919067},"size":11.9028959274292,"orthographic":false}